homeownership,totalbclimit,loanamnt,numtloppast12m,pubrecbankruptcies,taxliens,totalilhighcreditlimit,verificationstatusjoint,pcttlnvrdlq,mosinrcnttl,accnowdelinq,totalbalexmort,id,grade,intrate,tothicredlim,emplength,verificationstatus,bcutil,mthssincerecentinq,mortacc,numrevaccts,totalbalil,maxbalbc,numtl120dpd2m,mthssincelastdelinq,mthssincelastmajorderog,revolbal,mosinoldrevtlop,revolutil,zipcode,accopenpast24mths,openil6m,mosinoldilacct,numiltl,purpose,ficorangehigh,totcollamt,allutil,installment,addrstate,mosinrcntrevtlop,dtijoint,numtl90gdpd24m,memberid,inqlast6mths,numactvbctl,subgrade,openil24m,emptitle,inqlast12m,annualincjoint,totcurbal,annualinc,openacc,mthssincerecentbcdlq,applicationtype,totalacc,initialliststatus,collections12mthsexmed,fundedamnt,totalcutl,totalrevhilim,mthssincercntil,dti,numrevtlbalgt0,numoprevtl,openrv24m,numtl30dpd,delinqamnt,numactvrevtl,numbcsats,numsats,bcopentobuy,ficorangelow,numacctsever120pd,chargeoffwithin12mths,pubrec,openacc6m,mthssincelastrecord,openrv12m,desc,mthssincerecentrevoldelinq,delinq2yrs,inqfi,openil12m,mthssincerecentbc,numbctl,earliestcrline,ilutil,avgcurbal,percentbcgt75,term,issued,loanstatus
MORTGAGE,13000,10400,4,0,0,11325,,83.3,1,0,15030,36805548,A,6.99%,179407,8 years,Not Verified,41.5,1,1,32,,,0,42,59,6133,290,31.60%,937xx,7,,76,2,credit_card,714,0,,321.08,CA,1,,0,,2,6,A3,,Truck Driver Delivery Personel,,,162110,58000,17,42,INDIVIDUAL,36,w,0,10400,,19400,,14.92,9,14,,0,0,9,7,17,7599,710,4,0,0,,,,,42,0,,,5,18,Sep-89,,9536,14.3,36 months,Dec-14,Charged Off
RENT,10000,15000,4,0,0,12000,,100,1,0,149140,38098114,C,12.39%,196500,10+ years,Source Verified,4.7,,0,9,,,0,,,138008,244,29%,235xx,5,,103,8,debt_consolidation,754,0,,336.64,VA,1,,0,,0,1,C1,,MANAGEMENT,,,149140,78000,6,,INDIVIDUAL,17,w,0,15000,,184500,,12.03,4,5,,0,0,4,1,6,9525,750,0,0,0,,,,,,0,,,47,2,Aug-94,,29828,0,60 months,Dec-14,Fully Paid
RENT,21100,9600,3,0,0,24890,,100,3,0,38566,37822187,C,13.66%,52490,10+ years,Source Verified,69.2,17,0,26,,,0,,,16388,265,59.40%,077xx,8,,183,17,debt_consolidation,684,0,,326.53,NJ,23,,0,,0,4,C3,,Admin Specialist,,,38566,69000,12,,INDIVIDUAL,44,f,0,9600,,27600,,25.81,7,8,,0,0,7,5,12,6494,680,0,0,0,,,,,,0,,,24,16,Nov-92,,3214,60,36 months,Dec-14,Fully Paid
RENT,4900,7650,2,0,0,64031,,100,8,0,64426,37662224,C,13.66%,82331,< 1 year,Source Verified,93.2,3,0,8,,,0,,,16822,148,91.90%,850xx,6,,137,12,debt_consolidation,689,0,,260.2,AZ,8,,0,,1,1,C3,,Technical Specialist,,,64426,50000,11,,INDIVIDUAL,20,f,0,7650,,18300,,34.81,4,4,,0,0,4,1,11,332,685,0,0,0,,,,,,0,,,17,4,Aug-02,,5857,100,36 months,Dec-14,Charged Off
RENT,15000,21425,2,0,0,35573,,91.4,7,0,42315,37842129,D,15.59%,57073,6 years,Source Verified,97.8,7,0,18,,,0,60,74,16374,136,76.20%,658xx,4,,135,16,credit_card,689,0,,516.36,MO,7,,0,,0,3,D1,,Programming Analysis Supervisor,,,42315,63800,10,60,INDIVIDUAL,35,w,0,21425,,21500,,18.49,4,5,,0,0,4,3,10,324,685,1,0,0,,,,,60,0,,,7,12,Aug-03,,4232,100,60 months,Dec-14,Fully Paid
MORTGAGE,4400,12800,0,0,0,18000,,76.9,16,0,18007,37612354,D,17.14%,368700,10+ years,Verified,103.2,1,5,7,,,0,17,36,5753,170,100.90%,953xx,2,,16,1,car,669,0,,319.08,CA,21,,0,,0,3,D4,,Senior Sales Professional,,,261815,125000,8,17,INDIVIDUAL,13,w,0,12800,,5700,,8.31,5,5,,0,0,5,3,8,0,665,1,0,0,,,,,17,1,,,21,5,Oct-00,,32727,100,60 months,Dec-14,Current
RENT,5500,12975,4,0,0,27243,,89.5,2,0,17281,37800722,D,17.86%,42943,10+ years,Source Verified,52.7,1,0,13,,,0,48,,5200,122,33.10%,331xx,7,,191,6,house,684,900,,468.17,FL,2,,0,,0,3,D5,,Sales,,,17281,60000,11,,INDIVIDUAL,19,f,0,12975,,15700,,22.42,8,9,,0,0,8,3,11,2604,680,0,0,0,,,,,,0,,,6,6,Jan-99,,1571,0,36 months,Dec-14,Charged Off
OWN,9200,16000,0,0,0,33000,,71.4,17,0,34475,37854444,B,11.44%,428032,6 years,Verified,72.2,17,2,10,,,0,12,,7253,133,60.40%,201xx,3,,121,2,debt_consolidation,704,0,,351.4,VA,17,,0,,0,2,B4,,Foreign Service Officer,,,373743,109777,7,33,INDIVIDUAL,14,w,0,16000,,12000,,11.63,3,5,,0,0,3,3,7,2559,700,0,0,0,,,,,33,1,,,80,6,Nov-03,,53392,66.7,60 months,Dec-14,Fully Paid
MORTGAGE,16300,21075,0,0,0,55441,,76.2,30,0,62443,37712169,E,21.99%,300308,10+ years,Source Verified,91,10,1,11,,,0,26,,15955,205,88.60%,606xx,0,,160,7,debt_consolidation,694,0,,581.95,IL,30,,0,,0,3,E5,,Paralegal,,,262274,55000,14,26,INDIVIDUAL,21,f,0,21075,,18000,,29.5,4,5,,0,0,4,3,14,1468,690,2,0,0,,,,,26,0,,,30,6,Nov-87,,20175,100,60 months,Dec-14,Current
MORTGAGE,4000,17000,1,0,0,41370,,87.1,10,0,36205,37682226,C,13.66%,147270,10+ years,Verified,98.2,,2,25,,,0,46,51,5063,167,46.40%,144xx,2,,93,4,debt_consolidation,679,0,,578.22,NY,21,,0,,0,1,C3,,Deputy sheriff,,,122193,75000,7,46,INDIVIDUAL,31,f,0,17000,,10900,,23.63,3,4,,0,0,3,1,7,71,675,2,0,0,,,,,46,0,,,27,7,Jan-01,,17456,100,36 months,Dec-14,Fully Paid
RENT,21200,10000,0,0,0,0,,100,31,0,23723,37701596,B,11.99%,24200,8 years,Verified,98.5,3,0,8,,,0,,,23723,124,98%,483xx,0,,137,2,debt_consolidation,679,0,,332.1,MI,40,,0,,1,4,B5,,Investment Consultant,,,23723,90000,5,,INDIVIDUAL,10,f,0,10000,,24200,,8.44,5,5,,0,0,5,4,5,324,675,0,0,0,,,,,,0,,,42,6,Jul-03,,4745,100,36 months,Dec-14,Charged Off
RENT,36000,23325,1,0,0,78126,,95.7,12,0,79490,36804663,C,14.31%,443889,10+ years,Source Verified,89,16,6,13,,,0,1,,32372,194,82.20%,982xx,6,,132,4,credit_card,669,0,,800.71,WA,15,,0,,0,3,C4,,Teacher,,,393558,72000,14,,INDIVIDUAL,23,f,0,23325,,39400,,27.03,5,10,,0,0,5,7,14,3977,665,0,0,0,,,,,1,1,,,23,9,Oct-98,,39356,66.7,36 months,Dec-14,Charged Off
MORTGAGE,9800,2500,1,0,0,47946,,96.8,6,0,61606,37741884,B,11.99%,415290,< 1 year,Source Verified,86.4,2,5,10,,,0,55,,22908,148,94.30%,554xx,6,,158,17,home_improvement,689,0,,83.03,MN,24,,0,,1,3,B5,,Manufacturing Engineer,,,397223,89000,9,,INDIVIDUAL,32,f,0,2500,,24300,,13.77,4,4,,0,0,4,3,9,1333,685,0,0,0,,,,,,0,,,24,6,Oct-01,,44136,66.7,36 months,Dec-14,Fully Paid
RENT,16600,5250,2,0,0,6000,,100,6,0,10133,37642222,B,11.44%,29971,2 years,Not Verified,26.8,,0,9,,,0,,,4448,67,20.20%,208xx,4,,33,3,debt_consolidation,749,0,,172.98,MD,12,,0,,0,2,B4,,Store Manager,,,10133,26000,8,,INDIVIDUAL,13,f,0,5250,,22000,,14.36,2,6,,0,0,2,3,8,12152,745,0,0,0,,,,,,0,,,16,4,May-09,,1267,0,36 months,Dec-14,Fully Paid
RENT,4000,2000,3,0,0,20637,,90.9,3,0,19342,37854423,D,15.99%,43137,7 years,Not Verified,90.2,3,0,15,,,0,5,,4533,252,20.10%,852xx,6,,136,7,other,704,0,,70.31,AZ,3,,0,,1,1,D2,,Student Services Coordinator,,,19342,37000,9,9,INDIVIDUAL,22,f,0,2000,,22500,,16.19,2,8,,0,0,2,1,9,390,700,0,0,0,,,,,5,2,,,3,6,Dec-93,,2149,100,36 months,Dec-14,Fully Paid
RENT,13100,2000,4,1,0,12000,,100,4,0,20539,37742142,C,14.99%,27300,8 years,Not Verified,72.2,14,0,17,,,0,,,9544,219,62.40%,112xx,6,,27,4,credit_card,674,0,,69.33,NY,8,,0,,0,5,C5,,practice plan associate,,,20539,32200,10,,INDIVIDUAL,21,f,0,2000,,15300,,22.14,6,8,,0,0,6,6,10,3636,670,0,0,1,,95,,,,0,,,8,10,Sep-96,,2054,83.3,36 months,Dec-14,Fully Paid
RENT,3900,3000,1,0,0,18854,,77.8,3,0,22809,36520573,B,10.49%,30454,9 years,Not Verified,85.8,,0,12,,,0,77,,4936,138,42.60%,926xx,2,,234,6,medical,684,0,,97.5,CA,27,,0,,0,2,B3,,Respiratory Therapist,,,22809,60000,7,77,INDIVIDUAL,18,f,0,3000,,11600,,9.54,3,5,,0,0,3,2,7,552,680,0,0,0,,,,,77,0,,,27,6,Jun-95,,3258,100,36 months,Dec-14,Fully Paid
MORTGAGE,23600,6000,0,0,0,0,,93.6,14,0,49626,37742129,B,10.49%,376700,10+ years,Not Verified,95.4,2,5,18,,,0,9,,49626,305,82.60%,403xx,5,,129,25,home_improvement,664,0,,194.99,KY,15,,0,,0,4,B3,,Assistant manager,,,361379,120000,11,12,INDIVIDUAL,48,f,0,6000,,60100,,6.87,8,10,,0,0,8,4,11,1092,660,0,0,0,,,,,12,3,,,15,9,Jul-89,,40153,100,36 months,Dec-14,Fully Paid
RENT,1000,2000,1,0,0,3900,,100,3,0,3943,37822018,C,14.31%,6900,2 years,Not Verified,65.4,6,0,3,,,0,,,2227,58,74.20%,329xx,3,,55,5,other,684,0,,68.66,FL,3,,0,,1,1,C4,,Sales Rep,,,3943,52000,3,,INDIVIDUAL,8,f,0,2000,,3000,,5.98,2,2,,0,0,2,1,3,346,680,0,0,0,,,,,,0,,,18,1,Feb-10,,1314,0,36 months,Dec-14,Current
RENT,31700,2000,0,0,0,0,,100,18,0,744,36109709,C,12.99%,39600,n/a,Verified,1.8,0,1,17,,,0,,,744,150,1.90%,463xx,3,,39,2,medical,714,944,,67.38,IN,18,,0,,1,3,C2,,,,,744,21312,14,,INDIVIDUAL,20,w,0,2000,,39600,,5.46,4,14,,0,0,4,10,14,31122,710,0,0,0,,,,,,0,,,27,12,Nov-98,,57,0,36 months,Dec-14,Fully Paid
OWN,31800,18000,1,0,0,0,,92.3,8,0,23192,36280613,B,11.99%,143527,8 years,Not Verified,52.3,13,3,9,,,0,57,,16644,162,52.30%,333xx,2,,,0,debt_consolidation,714,0,,597.78,FL,8,,0,,0,4,B5,,Education Advising Manager,,,111500,70000,6,,INDIVIDUAL,13,f,0,18000,,31800,,9.11,4,4,,0,0,4,4,6,15156,710,0,0,0,,,,,57,0,,,8,6,Jun-01,,18583,25,36 months,Dec-14,Current
MORTGAGE,0,5000,2,1,0,112735,,100,1,0,103332,37661949,B,10.49%,118035,4 years,Source Verified,,4,4,20,,,0,,,466,161,8.80%,853xx,5,,137,14,debt_consolidation,664,841,,162.49,AZ,1,,0,,2,0,B3,,Teacher,,,103332,52000,9,,INDIVIDUAL,39,f,0,5000,,5300,,14.35,2,4,,0,0,2,0,9,,660,0,0,1,,69,,,,0,,,,4,Jul-01,,11481,,36 months,Dec-14,Charged Off
OWN,5500,1000,3,0,0,154033,,100,5,0,151547,37822020,C,12.39%,323433,3 years,Source Verified,98,5,1,13,,,0,,,9566,155,55%,567xx,4,,131,15,other,709,0,,33.41,MN,5,,0,,1,1,C1,,Attorney,,,296389,60000,17,,INDIVIDUAL,29,f,0,1000,,17400,,18.38,5,8,,0,0,5,1,17,112,705,0,0,0,,,,,,0,,,102,3,Jan-02,,21171,100,36 months,Dec-14,Fully Paid
OWN,28900,14000,0,0,0,42304,,100,13,0,49685,37611006,B,10.49%,87904,10+ years,Source Verified,66.1,18,0,16,,,0,,,23135,181,50.70%,754xx,3,,79,4,credit_card,734,0,,454.97,TX,13,,0,,0,6,B3,,first grade teacher,,,49685,42000,13,,INDIVIDUAL,21,f,0,14000,,45600,,35.68,8,11,,0,0,8,6,13,9800,730,0,0,0,,,,,,0,,,35,9,Nov-99,,3822,50,36 months,Dec-14,Current
RENT,6000,6000,2,0,0,0,,96,4,0,6941,37740199,C,14.99%,10300,1 year,Not Verified,92.5,4,0,23,,,0,59,59,6941,148,67.40%,960xx,6,,108,2,debt_consolidation,669,0,,207.97,CA,4,,0,,1,5,C5,,office manager,,,6941,20000,11,,INDIVIDUAL,25,f,0,6000,,10300,,14.99,6,11,,0,0,6,6,11,452,665,1,0,0,,,,,59,0,,,4,8,Aug-02,,992,100,36 months,Dec-14,Fully Paid
MORTGAGE,9700,10800,6,0,0,47457,,100,1,0,57771,37791988,B,9.49%,133940,8 years,Verified,89.2,0,3,9,,,0,,,10213,90,77.40%,467xx,10,,92,18,debt_consolidation,679,0,,345.91,IN,30,,0,,1,4,B2,,Asset Protection,,,125993,42000,19,,INDIVIDUAL,30,f,0,10800,,13200,,18.89,6,7,,0,0,6,4,19,1049,675,0,0,0,,,,,,0,,,30,4,Apr-07,,6631,75,36 months,Dec-14,Fully Paid
MORTGAGE,3800,18450,3,0,0,119491,,85,6,0,113801,37822030,C,14.31%,256151,10+ years,Not Verified,93,5,2,9,,,,,100,5925,100,87%,810xx,8,,141,8,home_improvement,684,0,,633.36,CO,12,,0,,3,3,C4,,construction foreman,,,237795,108000,11,57,INDIVIDUAL,20,f,0,18450,,6800,,23.37,5,6,,0,0,6,3,10,1267,680,1,0,0,,,,,57,0,,,17,5,Mar-03,,23779,66.7,36 months,Dec-14,Charged Off
MORTGAGE,31700,28000,1,0,0,28532,,97.4,1,0,33666,37692106,B,10.49%,283223,2 years,Source Verified,46.3,1,2,31,,,0,35,,14684,244,35.20%,336xx,5,,181,6,debt_consolidation,714,0,,601.7,FL,1,,0,,1,4,B3,,Humana Cares Manager,,,239362,67000,15,,INDIVIDUAL,39,w,0,28000,,41700,,16.13,4,12,,0,0,4,8,15,17016,710,0,0,0,,,,,,0,,,1,12,Aug-94,,21760,14.3,60 months,Dec-14,Fully Paid
RENT,4600,4000,3,0,0,48555,,91.3,6,0,36589,37832099,D,15.99%,62433,9 years,Not Verified,93,3,0,10,,,0,49,49,5697,153,65.50%,114xx,7,,92,12,debt_consolidation,669,0,,140.61,NY,12,,0,,1,3,D2,,Accounting clerk,,,36589,50000,12,49,INDIVIDUAL,23,f,0,4000,,8700,,33.99,5,8,,0,0,5,3,12,321,665,1,0,0,,,,,49,0,,,33,5,Mar-02,,3049,100,36 months,Dec-14,Fully Paid
MORTGAGE,10200,15000,2,0,0,14857,,100,3,0,21212,37622029,E,20.99%,144726,3 years,Source Verified,25.5,15,1,8,,,0,,,12486,109,57.50%,770xx,7,,44,4,other,704,0,,405.72,TX,12,,0,,0,3,E4,,Appraiser,,,118238,48000,8,,INDIVIDUAL,13,f,0,15000,,21700,,17.53,5,5,,0,0,5,3,8,7602,700,0,0,0,,,,,,0,,,20,6,Nov-05,,14780,66.7,60 months,Dec-14,Current
OWN,2100,13550,4,0,0,22013,,100,1,0,18480,37752109,E,19.99%,26813,5 years,Source Verified,98.6,,0,6,,,0,,,2492,52,51.90%,304xx,4,,89,14,debt_consolidation,694,0,,358.92,GA,1,,0,,0,1,E3,,nurse,,,18480,40000,8,,INDIVIDUAL,20,f,0,13550,,4800,,16.23,4,4,,0,0,4,1,8,29,690,0,0,0,,,,,,0,,,49,3,Jul-07,,2310,100,60 months,Dec-14,Current
MORTGAGE,19800,7200,3,0,0,67220,,100,5,0,64952,36441833,C,12.39%,196536,5 years,Source Verified,22,5,1,8,,,0,,,5105,102,18.80%,760xx,6,,76,8,debt_consolidation,689,3948,,240.49,TX,10,,0,,1,1,C1,,Director of Operations,,,157993,84000,11,,INDIVIDUAL,17,f,0,7200,,27200,,18.79,2,7,,0,0,2,5,11,15435,685,0,0,0,,,,,,0,,,10,5,Jun-06,,15799,25,36 months,Dec-14,Current
MORTGAGE,6200,10000,2,0,0,126554,,97.1,11,0,94543,37601829,B,10.49%,448754,10+ years,Source Verified,60.2,0,3,7,,,0,46,,3735,361,60.20%,439xx,7,,166,26,debt_consolidation,714,670,,324.98,OH,11,,0,,0,5,B3,,911 Director,,,399159,117000,11,46,INDIVIDUAL,36,f,0,10000,,6200,,25.65,5,5,,0,0,5,5,11,2465,710,0,0,0,,,,,46,0,,,11,5,Nov-84,,36287,20,36 months,Dec-14,Current
RENT,49100,27525,8,0,0,53865,,100,1,0,59623,37802030,F,22.99%,120365,5 years,Verified,18,1,0,28,,,0,,,8936,332,13.40%,333xx,10,,123,9,debt_consolidation,769,0,,775.79,FL,2,,0,,1,4,F1,,relationship manager,,,59623,60000,17,,INDIVIDUAL,37,f,0,27525,,66500,,31.14,6,14,,0,0,6,8,17,40256,765,0,0,0,,,,,,0,,,2,21,Apr-87,,3726,0,60 months,Dec-14,Fully Paid
RENT,30000,2400,3,0,0,62765,,100,5,0,66967,37761127,A,8.19%,104165,5 years,Source Verified,55.8,13,0,16,,,0,,,19059,271,46%,232xx,5,,312,25,debt_consolidation,769,0,,75.42,VA,5,,0,,0,2,A5,,Technologist,,,66967,42500,10,,INDIVIDUAL,41,w,0,2400,,41400,,33.21,4,6,,0,0,4,2,10,13248,765,0,0,0,,,,,,0,,,48,6,Dec-88,,6697,0,36 months,Dec-14,Fully Paid
RENT,10100,12000,3,1,0,34516,,100,1,0,37313,37721473,C,12.99%,46416,10+ years,Not Verified,76.7,5,0,12,,,0,,,7797,129,65.50%,130xx,4,,122,13,debt_consolidation,674,0,,404.27,NY,1,,0,,1,4,C2,,Business Manager,,,37313,82000,12,,INDIVIDUAL,25,f,0,12000,,11900,,15.1,5,8,,0,0,5,5,12,2353,670,0,0,1,,111,,,,0,,,1,8,Mar-04,,3392,80,36 months,Dec-14,Fully Paid
RENT,6900,4600,3,0,0,17020,,85.7,6,0,25659,37782131,B,10.49%,38015,6 years,Not Verified,52.8,6,0,17,,,0,26,58,7568,172,56.50%,900xx,5,,224,3,debt_consolidation,664,6449,,149.49,CA,6,,0,,1,3,B3,,Production Assistant,,,25659,40000,13,26,INDIVIDUAL,22,f,0,4600,,13400,,29.33,7,9,,0,0,7,3,13,3255,660,3,0,1,,46,,,26,0,,,6,9,Feb-94,,1974,33.3,36 months,Dec-14,Fully Paid
RENT,17400,14000,3,0,0,5725,,100,1,0,15659,37711991,D,16.49%,32225,9 years,Source Verified,48.4,4,0,21,,,0,,,10585,76,39.90%,331xx,14,,7,1,credit_card,664,0,,495.6,FL,1,,0,,1,4,D3,,Customerservice,,,15659,45000,20,,INDIVIDUAL,22,f,0,14000,,26500,,13.47,7,19,,0,0,7,9,20,8970,660,0,0,0,,,,,,0,,,1,9,Aug-08,,783,44.4,36 months,Dec-14,Charged Off
MORTGAGE,55000,1000,3,0,0,14861,,100,3,0,51350,37692013,B,11.99%,164361,10+ years,Not Verified,58.4,6,3,15,,,0,,,43582,203,51.30%,452xx,4,,152,4,other,704,0,,33.21,OH,3,,0,,1,6,B5,,machinist,,,97410,45000,14,,INDIVIDUAL,22,f,0,1000,,85000,,29.55,11,11,,0,0,11,6,14,22878,700,0,0,0,,,,,,0,,,6,9,Jan-98,,6958,50,36 months,Dec-14,Current
OWN,8500,18000,1,0,0,53750,,96.2,11,0,69669,37641966,B,11.44%,66350,2 years,Not Verified,91.3,19,0,5,,,0,28,,10399,100,82.50%,196xx,6,,86,21,credit_card,674,0,,593.06,PA,15,,0,,0,2,B4,,Industrial Worker,,,69669,45000,18,28,INDIVIDUAL,26,f,0,18000,,12600,,8.54,3,4,,0,0,3,2,18,741,670,0,0,0,,,,,28,0,,,15,2,Aug-06,,3871,100,36 months,Dec-14,Fully Paid
OWN,4000,2400,1,0,1,18972,,80,6,0,18342,37702003,C,14.31%,35172,7 years,Source Verified,73.1,3,0,11,,,0,19,,7467,91,46.10%,283xx,1,,51,4,other,669,351,,82.39,NC,6,,0,,0,2,C4,,Sgt,,,18342,35000,8,,INDIVIDUAL,15,f,0,2400,,16200,,24.45,5,7,,0,0,5,3,8,1074,665,0,0,1,,47,,,19,1,,,6,3,May-07,,2293,66.7,36 months,Dec-14,Fully Paid
MORTGAGE,46700,24000,2,0,0,17712,,93,1,0,58232,37661950,B,11.44%,89212,10+ years,Source Verified,61,1,2,32,,,0,41,,44074,222,61.60%,324xx,7,,170,10,credit_card,689,0,,790.74,FL,1,,0,,1,4,B4,,RN,,,58232,80000,22,,INDIVIDUAL,44,f,0,24000,,71500,,26.2,11,20,,0,0,11,6,22,18202,685,0,0,0,,,,,42,0,,,21,7,Jun-96,,3065,16.7,36 months,Dec-14,Fully Paid
MORTGAGE,8500,20000,1,0,0,129708,,80,11,0,127627,37661936,B,11.99%,331800,10+ years,Source Verified,90.6,13,2,14,,,0,33,,7698,304,90.60%,300xx,1,,161,10,credit_card,744,0,,664.2,GA,11,,0,,0,1,B5,,Teacher/Admin,,,296631,100000,5,38,INDIVIDUAL,26,f,0,20000,,10000,,24.7,1,2,,0,0,1,1,5,802,740,0,0,0,,,,,38,0,,,11,10,Aug-89,,59326,100,36 months,Dec-14,Fully Paid
RENT,22300,12000,3,0,0,40742,,100,4,0,47115,37791945,D,17.86%,75735,4 years,Source Verified,48.6,9,0,10,,,0,,,13846,126,41.10%,841xx,5,,115,4,debt_consolidation,709,0,,303.81,UT,4,,0,,0,2,D5,,Nurse,,,47115,60000,12,,INDIVIDUAL,15,w,0,12000,,33700,,28.78,5,9,,0,0,5,4,12,11458,705,0,0,0,,,,,,0,,,4,4,Jun-04,,4283,25,60 months,Dec-14,Fully Paid
RENT,20300,24000,4,0,0,73953,,100,3,0,86634,36890155,C,13.66%,114353,8 years,Source Verified,68.4,0,0,30,,,0,,,21396,228,53%,117xx,7,,178,29,debt_consolidation,694,0,,554.22,NY,3,,0,,2,7,C3,,Accountant,,,86634,60000,27,,INDIVIDUAL,59,w,0,24000,,40400,,33.62,10,18,,0,0,10,10,27,6422,690,0,0,0,,,,,,0,,,3,15,Dec-95,,3209,60,60 months,Dec-14,Current
MORTGAGE,5400,20975,0,0,0,63135,,96,9,0,50550,37641656,C,12.39%,69585,10+ years,Verified,32,2,4,18,,,,30,,2110,453,33%,728xx,0,,137,28,home_improvement,729,0,,470.73,AR,58,,0,,2,1,C1,,dispatch supv,,,50550,46800,4,,INDIVIDUAL,50,w,0,20975,,6450,,20.79,2,2,,0,0,2,9,4,5400,725,0,0,0,,,,,28,0,,,63,9,Mar-77,,12637,0,60 months,Dec-14,Current
MORTGAGE,2400,4200,1,0,0,47162,,100,6,0,37031,37661932,A,6.99%,113062,10+ years,Not Verified,49.1,18,1,12,,,0,,,5268,153,33.10%,560xx,3,,50,5,debt_consolidation,779,0,,129.67,MN,18,,0,,0,1,A3,,administrative assistant,,,59352,55000,12,,INDIVIDUAL,18,f,0,4200,,15900,,21.3,6,8,,0,0,6,2,12,1222,775,0,0,0,,,,,,0,,,36,2,Mar-02,,4946,50,36 months,Dec-14,Fully Paid
OWN,45800,10975,1,0,0,20168,,100,12,0,58511,37841931,C,14.99%,364865,10+ years,Source Verified,81.4,3,4,38,,,0,,,52253,393,61.50%,368xx,3,,116,3,debt_consolidation,684,0,,261.04,AL,12,,0,,0,8,C5,,"Exec Budget Coord, Acad",,,311262,60400,22,,INDIVIDUAL,45,f,0,10975,,86100,,33.66,14,20,,0,0,14,10,22,11767,680,0,0,0,,,,,,0,,,15,18,Mar-82,,16382,60,60 months,Dec-14,Charged Off
MORTGAGE,42900,21000,0,0,0,15050,,100,17,0,15117,37720651,A,8.19%,109450,6 years,Source Verified,19.9,17,3,6,,,0,,,8549,220,19.90%,881xx,2,,128,7,debt_consolidation,794,0,,427.72,NM,36,,0,,0,4,A5,,Milk Lab Manager,,,62365,48500,8,,INDIVIDUAL,16,w,0,21000,,42900,,12.99,4,5,,0,0,4,5,8,34351,790,0,0,0,,,,,,0,,,36,6,Aug-96,,7796,0,60 months,Dec-14,Current
RENT,4600,5000,2,0,0,0,,76.2,9,0,3605,37791971,C,13.66%,7500,10+ years,Source Verified,52.8,9,3,13,,,0,30,30,3605,129,48.10%,925xx,6,,118,6,moving,669,0,,170.07,CA,10,,0,,0,3,C3,,Accouting Manager,,,3605,54797,7,69,INDIVIDUAL,22,f,0,5000,,7500,,11.05,5,7,,0,0,5,3,7,2169,665,6,0,1,,70,,,69,0,,,10,6,Mar-04,,515,33.3,36 months,Dec-14,Current
MORTGAGE,15000,3000,1,0,0,28856,,94.7,7,0,36611,37742008,A,8.19%,149476,10+ years,Not Verified,79.2,7,3,10,,,0,63,63,11873,145,79.20%,670xx,2,,128,6,debt_consolidation,684,0,,94.28,KS,43,,0,,0,1,A5,,operator,,,128450,85000,5,63,INDIVIDUAL,19,f,0,3000,,15000,,11.97,1,2,,0,0,1,1,5,3127,680,1,0,0,,,,,63,0,,,109,6,Jul-02,,32113,100,36 months,Dec-14,Fully Paid
MORTGAGE,17300,11000,1,0,0,80336,,87.5,12,1,45933,37631762,C,12.99%,320015,10+ years,Not Verified,51,22,2,7,,,0,1,1,9704,126,51.90%,395xx,3,,171,15,debt_consolidation,674,0,,370.59,MS,18,,1,,0,1,C2,,E-6/Technical Sergeant,,,253854,60000,11,1,INDIVIDUAL,24,f,0,11000,,18700,,34.1,2,4,,0,0,2,2,11,8471,670,1,1,0,,,,,1,2,,,18,5,Sep-00,,25385,50,36 months,Dec-14,Current
OWN,74300,14000,1,0,0,76085,,100,12,0,101094,37811785,B,9.49%,167981,10+ years,Not Verified,58.1,,1,6,,,0,,,49513,300,59.80%,770xx,2,,142,3,debt_consolidation,759,0,,293.96,TX,22,,0,,0,3,B2,,Associate Director Flight Operations,,,101094,157000,8,,INDIVIDUAL,11,w,0,14000,,82800,,21.73,5,5,,0,0,5,3,8,31116,755,0,0,0,,,,,,0,,,48,3,Jan-81,,12637,33.3,60 months,Dec-14,Current
RENT,15000,16000,1,0,0,324790,,92.6,6,0,312679,37077753,D,17.14%,340090,1 year,Not Verified,96.1,22,0,8,,,0,26,26,14411,130,94.20%,327xx,2,,147,18,debt_consolidation,674,0,,398.85,FL,6,,0,,0,4,D4,,Senior Care Coordinator,,,312679,40000,9,,INDIVIDUAL,27,w,0,16000,,15300,,25.96,4,6,,0,0,4,5,9,589,670,1,0,0,,,,,35,0,,,6,5,Sep-02,,39085,100,60 months,Dec-14,Current
MORTGAGE,38200,8000,4,0,0,63467,,100,2,0,79549,10089665,B,10.49%,323167,3 years,Not Verified,68.3,2,6,34,,,0,,,32776,237,43.90%,358xx,11,,154,18,debt_consolidation,699,0,,259.99,AL,2,,0,,2,5,B3,,Senior Logistics Analyst,,,256696,94000,24,,INDIVIDUAL,58,f,0,8000,,74700,,22.33,8,17,,0,0,8,8,24,12118,695,0,0,0,,,,,,0,,,12,15,Mar-95,,11668,50,36 months,Dec-14,Fully Paid
RENT,10700,15000,0,0,0,81301,,100,50,0,81956,37651881,B,11.99%,92501,3 years,Source Verified,93.6,17,0,5,,,0,,,10017,134,89.40%,853xx,0,,120,6,debt_consolidation,719,0,,333.6,AZ,58,,0,,0,2,B5,,Pilot,,,81956,40000,7,,INDIVIDUAL,11,w,0,15000,,11200,,24.36,2,3,,0,0,2,2,7,683,715,0,0,0,,,,,,0,,,111,4,Oct-03,,11708,100,60 months,Dec-14,Current
RENT,12500,5000,2,0,0,46173,,95.8,1,0,46563,37802003,C,12.99%,59173,10+ years,Source Verified,92.7,,1,11,,,0,35,,12083,189,92.90%,130xx,2,,133,12,house,674,0,,168.45,NY,51,,0,,0,3,C2,,engineer,,,46563,95000,7,35,INDIVIDUAL,24,f,0,5000,,13000,,20.21,4,4,,0,0,4,3,7,914,670,0,0,0,,,,,35,0,,,74,8,Mar-99,,6652,100,36 months,Dec-14,Fully Paid
OWN,30900,32800,0,0,0,0,,100,23,0,28439,37782066,C,12.39%,236000,10+ years,Verified,79,0,6,18,,,0,,,28439,305,70.70%,600xx,2,,139,6,credit_card,679,400,,736.1,IL,23,,0,,1,5,C1,,"Manager, Information Technology",,,217506,133995,10,,INDIVIDUAL,30,w,0,32800,,40200,,9.21,8,9,,0,0,8,5,10,6489,675,0,0,0,,,,,,0,,,23,7,Jul-89,,24167,40,60 months,Dec-14,Current
OWN,9000,4500,2,0,0,12439,,82,3,0,24481,37791995,C,14.99%,40239,4 years,Not Verified,90.1,3,0,45,,,0,25,25,12506,214,45%,210xx,6,,167,4,major_purchase,664,5098,,155.98,MD,8,,0,,1,2,C5,,Nanny,,,24481,34000,18,63,INDIVIDUAL,51,f,0,4500,,27800,,28.77,7,17,,0,0,7,2,18,890,660,8,0,1,,54,,,63,0,,,8,20,Feb-97,,1440,100,36 months,Dec-14,Charged Off
RENT,8800,5000,0,0,0,61315,,100,14,0,53901,37612144,C,14.99%,71715,4 years,Source Verified,95.4,1,0,6,,,0,,,9797,47,94.20%,076xx,5,,50,14,debt_consolidation,674,0,,173.31,NJ,15,,0,,1,3,C5,,HEAD TELLER,,,53901,32000,17,,INDIVIDUAL,20,f,0,5000,,10400,,38.86,4,4,,0,0,4,3,17,403,670,0,0,0,,,,,,0,,,15,3,Oct-10,,3171,100,36 months,Dec-14,Fully Paid
MORTGAGE,26400,10000,5,0,0,136117,,100,3,0,163130,37610751,C,14.99%,266634,5 years,Verified,92.8,1,3,18,,,0,,,27644,254,88%,402xx,5,,152,37,credit_card,694,0,,346.61,KY,3,,0,,4,6,C5,,Financial Institution Specialist,,,255284,75000,14,,INDIVIDUAL,59,f,0,10000,,31400,,19.33,8,10,,0,0,8,7,14,1906,690,0,0,0,,,,,,0,,,3,10,Oct-93,,18235,85.7,36 months,Dec-14,Fully Paid
MORTGAGE,34000,8750,8,0,0,61464,,100,2,0,90287,37831998,E,21.99%,659564,8 years,Verified,87.7,3,5,20,,,0,,,31362,158,75.90%,967xx,10,,132,12,moving,684,0,,334.13,HI,3,,0,,2,4,E5,,Weather forecaster,,,625455,81200,12,,INDIVIDUAL,37,f,0,8750,,41300,,29.38,6,8,,0,0,6,5,12,4190,680,0,0,0,,,,,,0,,,5,12,Oct-01,,52121,80,36 months,Dec-14,Fully Paid
RENT,10800,8000,0,0,0,28301,,100,14,0,32747,37681595,C,12.39%,371960,8 years,Source Verified,99.2,15,1,3,,,0,,,10709,89,99.20%,064xx,3,,88,6,debt_consolidation,704,0,,267.21,CT,14,,0,,0,3,C1,,Owner,,,355328,70000,6,,INDIVIDUAL,10,w,0,8000,,10800,,11.91,3,3,,0,0,3,3,6,91,700,0,0,0,,,,,,0,,,14,3,Jul-07,,59221,100,36 months,Dec-14,Current
RENT,23700,11175,5,0,0,3535,,100,1,0,14539,37731951,E,19.99%,33335,7 years,Verified,37.1,,0,9,,,0,,,11046,42,37.10%,704xx,8,,96,14,debt_consolidation,664,0,,415.25,LA,6,,0,,0,3,E3,,Cash Mgmt Clerk,,,14539,31240,9,,INDIVIDUAL,23,f,0,11175,,29800,,15.02,5,8,,0,0,5,5,9,14906,660,0,0,0,,,,,,0,,,6,5,Dec-06,,1615,20,36 months,Dec-14,Current
MORTGAGE,0,15000,5,1,0,47305,,100,1,0,46198,37631679,B,10.49%,119505,10+ years,Not Verified,,1,1,17,,,0,,,4590,127,69.50%,363xx,12,,125,59,credit_card,694,0,,487.47,AL,14,,0,,2,0,B3,,Fleet Tech III,,,80333,84000,10,,INDIVIDUAL,77,f,0,15000,,6600,,19.73,2,4,,0,0,2,0,10,,690,0,0,1,,96,,,,0,,,,9,Mar-03,,8926,,36 months,Dec-14,Fully Paid
OWN,6500,21000,3,0,0,49956,,76.9,3,0,38929,37631992,B,8.67%,447456,10+ years,Verified,94.3,3,2,4,,,0,40,40,6131,163,94.30%,958xx,3,,219,8,debt_consolidation,689,0,,664.58,CA,49,,0,,1,1,B1,,Senior Software Engineer,,,428849,120000,5,,INDIVIDUAL,14,f,0,21000,,6500,,19.21,1,1,,0,0,1,1,5,369,685,3,0,0,,,,,61,0,,,49,3,Sep-96,,85770,100,36 months,Dec-14,Fully Paid
RENT,22200,6000,1,0,0,81905,,92,5,0,94814,37612112,B,11.99%,105705,2 years,Not Verified,54.3,2,0,13,,,0,26,,12056,117,50.70%,787xx,1,,124,12,debt_consolidation,699,0,,199.26,TX,5,,0,,2,2,B5,,International Adviser,,,94814,42000,17,29,INDIVIDUAL,25,f,0,6000,,23800,,11.03,2,6,,0,0,2,4,17,10144,695,0,0,0,,,,,26,0,,,41,9,Aug-04,,5577,25,36 months,Dec-14,Fully Paid
MORTGAGE,16200,9600,3,1,0,14507,,100,3,0,23595,37681488,A,7.49%,121783,7 years,Source Verified,55.5,2,2,7,,,0,,,11564,78,30.90%,629xx,5,,170,13,debt_consolidation,719,0,,298.58,IL,3,,0,,1,2,A4,,Store Manager,,,91133,42000,10,,INDIVIDUAL,22,w,0,9600,,37400,,11.51,4,7,,0,0,4,2,10,7209,715,0,0,1,,82,,,,0,,,17,2,Oct-00,,9113,0,36 months,Dec-14,Fully Paid
MORTGAGE,800,3625,3,0,0,58501,,100,3,0,51161,37742002,D,16.49%,59801,< 1 year,Not Verified,69.9,,2,3,,,0,,,1059,143,81.50%,273xx,3,,122,7,debt_consolidation,714,0,,128.33,NC,86,,0,,0,2,D3,,Financial Advisor,,,51161,75000,6,,INDIVIDUAL,12,f,0,3625,,1300,,17.71,3,3,,0,0,3,2,6,241,710,0,0,0,,,,,,0,,,93,2,Jan-03,,8527,50,36 months,Dec-14,Fully Paid
RENT,7000,9000,2,0,0,56526,,100,4,0,59675,37791865,D,16.49%,68526,1 year,Not Verified,91.1,4,0,10,,,0,,,7112,147,68.80%,631xx,4,,123,5,debt_consolidation,664,0,,318.6,MO,4,,0,,2,3,D3,,Psych Therapyst,,,59675,32000,8,,INDIVIDUAL,15,f,0,9000,,12000,,23.78,5,5,,0,0,5,3,8,2768,660,0,0,0,,,,,,0,,,4,6,Sep-02,,7459,33.3,36 months,Dec-14,Current
MORTGAGE,49800,17600,0,0,0,10919,,100,20,0,23740,37751772,B,9.49%,290819,< 1 year,Not Verified,45.5,22,4,17,,,0,,,22901,399,35%,077xx,1,,164,3,credit_card,779,0,,369.55,NJ,32,,0,,0,3,B2,,High Pressure Plant Tender,,,221998,65000,10,,INDIVIDUAL,24,w,0,17600,,65400,,15.36,6,8,,0,0,6,4,10,27119,775,0,0,0,,,,,,0,,,134,7,Sep-81,,22200,25,60 months,Dec-14,Fully Paid
OWN,16800,28000,2,0,0,219511,,100,5,0,237880,37692004,D,15.59%,425911,3 years,Source Verified,66.4,12,5,17,,,0,,,11156,115,66.40%,060xx,3,,228,27,debt_consolidation,684,0,,674.83,CT,5,,0,,0,9,D1,,Department Chair Undergraduate Marketing,,,420006,90000,25,,INDIVIDUAL,49,w,0,28000,,16800,,14.67,9,11,,0,0,9,11,25,5644,680,0,0,0,,,,,,0,,,5,16,Dec-95,,16800,36.4,60 months,Dec-14,Current
RENT,4200,1500,2,0,0,24918,,100,4,0,23372,37651870,C,14.31%,29118,10+ years,Not Verified,94.8,,0,2,,,0,,,3981,26,94.80%,303xx,3,,86,4,debt_consolidation,684,0,,51.5,GA,4,,0,,0,2,C4,,Export Analyst,,,23372,53800,4,,INDIVIDUAL,6,f,0,1500,,4200,,15.93,2,2,,0,0,2,2,4,219,680,0,0,0,,,,,,0,,,4,2,Oct-07,,5843,100,36 months,Dec-14,Current
RENT,15900,5675,1,0,0,21940,,86.7,6,0,18002,37791982,C,12.39%,41440,2 years,Source Verified,18.3,,0,13,,,0,12,,2916,273,15%,802xx,3,,36,2,car,699,259,,189.56,CO,20,,0,,0,2,C1,,Community Manager,,,18002,50000,7,,INDIVIDUAL,15,f,0,5675,,19500,,15.55,2,5,,0,0,2,3,7,12984,695,0,0,0,,,,,12,1,,,40,3,Mar-92,,3000,50,36 months,Dec-14,Fully Paid
RENT,18000,6825,2,0,0,20128,,100,4,0,15894,37651933,D,15.99%,41128,1 year,Not Verified,27.4,4,0,8,,,0,,,5514,45,26.30%,328xx,3,,4,1,debt_consolidation,734,0,,239.92,FL,9,,0,,0,2,D2,,Graduate Teaching Assistant,,,15894,19000,7,,INDIVIDUAL,9,f,0,6825,,21000,,26.06,3,6,,0,0,3,4,7,13074,730,0,0,0,,,,,,0,,,9,5,Mar-11,,2271,0,36 months,Dec-14,Fully Paid
MORTGAGE,17400,20000,3,0,0,23374,,100,3,0,29430,37612142,C,14.31%,249717,< 1 year,Source Verified,76.1,3,3,13,,,0,,,14761,101,37.90%,277xx,9,,81,3,debt_consolidation,719,0,,468.59,NC,3,,0,,1,3,C4,,Risk Management Program Coordinator,,,209346,84000,15,,INDIVIDUAL,19,w,0,20000,,38900,,12.83,6,12,,0,0,6,5,15,4156,715,0,0,0,,,,,,0,,,3,6,Aug-00,,13956,20,60 months,Dec-14,Current
RENT,13900,8000,1,0,0,20759,,83.3,9,0,23018,37621901,C,12.39%,37959,9 years,Not Verified,53.6,4,0,13,,,0,29,29,7449,149,43.30%,064xx,2,,104,4,credit_card,679,0,,267.21,CT,9,,0,,1,2,C1,,Sales,,,23018,45000,8,,INDIVIDUAL,18,f,0,8000,,17200,,26.75,2,5,,0,0,2,4,7,6451,675,3,0,0,,,,,29,0,,,9,8,Jul-02,,3836,25,36 months,Dec-14,Current
MORTGAGE,3500,16375,4,1,0,58852,,95.8,2,0,54923,37661855,E,18.54%,82452,10+ years,Source Verified,98.2,4,0,14,,,0,41,,6239,336,26.40%,750xx,8,,160,10,debt_consolidation,704,79,,596.45,TX,4,,0,,1,2,E1,,rn,,,54923,75000,13,,INDIVIDUAL,24,f,0,16375,,23600,,24.4,6,9,,0,0,6,3,13,64,700,0,0,1,,110,,,41,0,,,13,5,Dec-86,,4577,100,36 months,Dec-14,Fully Paid
OWN,5600,3000,1,1,0,5000,,87,4,0,5805,37761908,D,15.99%,15100,10+ years,Not Verified,14.4,4,1,19,,,0,2,66,1497,500,14.80%,917xx,1,,149,3,other,669,0,,105.46,CA,31,,0,,1,3,D2,,Monitor tech/secretary,,,5805,35000,9,66,INDIVIDUAL,23,f,0,3000,,10100,,20.07,5,8,,0,0,5,4,9,4794,665,2,0,1,,111,,,2,1,,,33,10,Apr-73,,645,25,36 months,Dec-14,Fully Paid
MORTGAGE,5900,5000,5,0,0,18049,,93.3,4,0,18590,37641959,C,12.39%,33549,2 years,Verified,42.4,0,0,13,,,0,33,,3432,47,22.10%,300xx,9,,43,1,home_improvement,674,237,,167.01,GA,4,,0,,1,4,C1,,Truck Driver,,,18590,65000,10,,INDIVIDUAL,15,f,0,5000,,15500,,11.39,5,8,,0,0,5,4,10,3401,670,0,0,0,,,,,,0,,,8,8,Feb-02,,1859,0,36 months,Dec-14,Charged Off
MORTGAGE,11700,8000,9,0,0,52750,,95.5,1,0,48523,37681953,D,16.49%,259423,2 years,Verified,10.3,0,1,13,,,0,45,45,1203,84,5.20%,410xx,13,,87,8,home_improvement,714,0,,283.2,KY,1,,0,,3,2,D3,,DRP Planner,,,230664,39926,13,,INDIVIDUAL,22,f,0,8000,,23000,,14.07,2,9,,0,0,2,4,13,10497,710,0,0,0,,,,,45,0,,,1,4,Sep-07,,17743,0,36 months,Dec-14,Fully Paid
RENT,13000,6700,0,0,0,0,,100,20,0,10064,37721926,C,14.31%,15500,2 years,Not Verified,59,15,0,6,,,0,,,10064,104,64.90%,112xx,3,,,0,credit_card,674,0,,230.01,NY,20,,0,,0,4,C4,,Teacher,,,10064,21000,5,,INDIVIDUAL,6,f,0,6700,,15500,,19.94,5,5,,0,0,5,4,5,5330,670,0,0,0,,,,,,0,,,20,5,Apr-06,,2013,75,36 months,Dec-14,Fully Paid
MORTGAGE,3300,3000,2,0,0,36578,,93.3,4,0,26864,37771899,C,14.99%,72278,8 years,Not Verified,102.6,7,1,7,,,0,78,80,5778,130,99.60%,179xx,5,,124,10,debt_consolidation,674,0,,103.99,PA,22,,0,,0,1,C5,,Furnace Operator,,,53683,65000,8,,INDIVIDUAL,18,f,0,3000,,5800,,18.54,2,2,,0,0,2,1,8,0,670,0,0,0,,,,,,0,,,39,3,Feb-04,,6710,100,36 months,Dec-14,Fully Paid
RENT,13000,18700,2,0,0,40930,,100,9,0,24069,37701472,B,10.49%,53930,10+ years,Source Verified,57.2,9,0,11,,,0,41,41,7441,129,57.20%,077xx,4,,129,10,debt_consolidation,694,0,,607.71,NJ,9,,0,,0,2,B3,,DC1,,,24069,80000,7,,INDIVIDUAL,21,f,0,18700,,13000,,15.97,2,4,,0,0,2,3,7,5559,690,1,0,0,,,,,,0,,,9,9,Mar-04,,4012,66.7,36 months,Dec-14,Fully Paid
MORTGAGE,5400,6000,1,0,0,34354,,62.5,9,0,48959,37267592,C,12.39%,269654,4 years,Not Verified,83.6,18,2,18,,,0,14,19,30251,193,90.80%,481xx,1,,99,4,debt_consolidation,699,0,,200.41,MI,30,,1,,0,1,C1,,Bus Friver,,,218152,26000,12,47,INDIVIDUAL,24,f,0,6000,,33300,,28.81,4,8,,0,0,4,1,12,888,695,5,0,0,,,,,30,2,,,71,8,Nov-98,,21815,100,36 months,Dec-14,Current
RENT,15100,10375,1,0,0,25622,,100,0,0,26790,37761915,C,13.66%,49622,10+ years,Source Verified,65,0,0,13,,,0,,,11343,117,47.30%,347xx,2,,162,5,debt_consolidation,719,110,,352.89,FL,0,,0,,1,5,C3,,Dept. Manager,,,26790,29000,11,,INDIVIDUAL,18,f,0,10375,,24000,,35.64,7,10,,0,0,7,5,11,5290,715,0,0,0,,,,,,0,,,51,7,Jun-01,,2679,0,36 months,Dec-14,Fully Paid
MORTGAGE,91400,15000,0,0,0,70035,,100,17,0,97323,454052,A,6.99%,444000,5 years,Not Verified,76.7,9,2,15,,,0,,,70293,248,75%,064xx,2,,127,5,debt_consolidation,734,0,,463.09,CT,17,,0,,0,6,A3,,Associate,,,341907,108150,13,,INDIVIDUAL,23,w,0,15000,,93700,,25.61,7,8,,0,0,7,7,13,21286,730,0,0,0,,,,,,0,,,61,12,Apr-94,,26301,57.1,36 months,Dec-14,Current
RENT,1800,6000,3,0,0,38352,,84.6,3,0,37145,37671937,B,11.99%,43952,5 years,Not Verified,89.8,6,0,3,,,0,,,3048,35,54.40%,265xx,3,,105,10,debt_consolidation,679,0,,199.26,WV,6,,0,,1,1,B5,,HR Supervisor,,,37145,32500,9,,INDIVIDUAL,13,f,0,6000,,5600,,28.06,2,3,,0,0,2,1,9,184,675,0,0,0,,,,,,0,,,35,1,Mar-06,,4127,100,36 months,Dec-14,Current
MORTGAGE,2500,5000,2,1,0,21388,,100,2,0,17849,26298574,B,11.44%,143970,10+ years,Not Verified,88.2,13,3,4,,,0,,,3481,95,53.60%,637xx,6,,153,18,credit_card,709,0,,164.74,MO,2,,0,,0,2,B4,,Housekeeping Supervisor,,,125012,33000,7,,INDIVIDUAL,25,f,0,5000,,6500,,21.2,3,4,,0,0,3,2,7,294,705,0,0,1,,110,,,,0,,,13,2,Mar-02,,17859,100,36 months,Dec-14,Current
MORTGAGE,5300,19000,2,0,0,56569,,78.6,5,0,64645,34372079,B,9.49%,98469,5 years,Source Verified,98.1,5,1,15,,,0,8,36,6248,305,52.50%,672xx,2,,150,12,credit_card,664,0,,608.54,KS,28,,0,,1,2,B2,,Principal,,,93645,75000,10,15,INDIVIDUAL,28,f,0,19000,,11900,,20.39,4,6,,0,0,4,2,10,100,660,2,0,0,,,,,8,4,,,28,8,Jul-89,,9365,100,36 months,Dec-14,Current
RENT,22100,26000,2,0,0,80275,,96.8,7,0,97659,37612040,C,12.99%,106975,2 years,Source Verified,84.2,9,0,15,,,0,49,49,25030,131,93.70%,023xx,3,,156,16,debt_consolidation,689,0,,875.92,MA,7,,0,,0,3,C2,,Dir. of Community Standards,,,97659,68000,14,49,INDIVIDUAL,32,f,0,26000,,26700,,27.29,5,8,,0,0,5,5,14,3489,685,0,0,0,,,,,49,0,,,9,6,Dec-01,,7512,60,36 months,Dec-14,Current
OWN,8900,24000,2,0,0,60648,,100,3,0,60388,37681444,E,19.24%,75148,2 years,Source Verified,0.8,3,0,6,,,0,,,73,60,0.50%,337xx,5,,58,13,home_improvement,754,0,,625.75,FL,15,,0,,2,1,E2,,Logistics Team Lead,,,60388,55000,8,,INDIVIDUAL,19,f,0,24000,,14500,,7.42,1,6,,0,0,1,4,8,8827,750,0,0,0,,,,,,0,,,15,4,Dec-09,,7549,0,60 months,Dec-14,Fully Paid
MORTGAGE,23500,15600,5,0,0,48119,,83.3,3,0,56071,37831861,D,15.99%,77719,2 years,Verified,33.1,3,4,24,,,0,46,64,7798,219,26.30%,560xx,10,,151,8,debt_consolidation,679,375,,379.28,MN,3,,0,,3,5,D2,,Vocational Rehabilitation Counselor,,,56071,48000,15,47,INDIVIDUAL,36,w,0,15600,,29600,,24.9,6,13,,0,0,6,6,15,15712,675,2,0,0,,,,,46,0,,,3,11,Sep-96,,3738,0,60 months,Dec-14,Fully Paid
MORTGAGE,4500,19200,4,0,0,34600,,100,7,0,34778,37671926,E,20.99%,194439,6 years,Source Verified,1.4,,1,8,,,0,,,4722,116,49.70%,356xx,4,,159,10,debt_consolidation,739,0,,519.32,AL,38,,0,,0,1,E4,,buyer,,,168779,55000,7,,INDIVIDUAL,20,f,0,19200,,9500,,20.72,2,3,,0,0,2,2,7,4437,735,0,0,0,,,,,,0,,,38,3,Sep-01,,24111,0,60 months,Dec-14,Current
MORTGAGE,7600,5000,5,1,0,34573,,100,9,0,38641,37841743,C,12.39%,97573,4 years,Verified,48.7,3,5,14,,,0,,,6450,136,35.40%,750xx,7,,125,2,debt_consolidation,664,0,,167.01,TX,12,,0,,0,3,C1,,LVN,,,81180,45000,11,,INDIVIDUAL,21,f,0,5000,,18200,,22.42,8,9,,0,0,8,3,11,3895,660,0,0,1,,63,,,,0,,,16,5,Jan-03,,7380,33.3,36 months,Dec-14,Fully Paid
RENT,13600,22200,0,0,0,16276,,92.3,17,0,11528,37752007,D,17.14%,31076,10+ years,Source Verified,51.6,2,0,11,,,0,36,,7014,151,47.40%,015xx,3,,159,3,debt_consolidation,699,0,,553.4,MA,17,,0,,0,4,D4,,Clinical Data Lead,,,11528,74500,7,36,INDIVIDUAL,14,w,0,22200,,14800,,8.05,4,6,,0,0,4,4,7,6586,695,0,0,0,,,,,36,0,,,49,6,Sep-01,,1647,0,60 months,Dec-14,Charged Off
MORTGAGE,34800,21000,4,0,0,63758,,100,6,0,104289,37601979,D,16.49%,597458,10+ years,Verified,80.8,12,3,20,,,0,,,54662,293,79.50%,015xx,7,,125,9,credit_card,704,0,,516.17,MA,6,,0,,0,5,D3,,manager,,,503157,140000,17,,INDIVIDUAL,32,f,0,21000,,68800,,29.47,9,12,,0,0,9,5,17,6672,700,0,0,0,,,,,,0,,,6,11,Jul-90,,29597,40,60 months,Dec-14,Current
MORTGAGE,10500,16950,6,0,0,84377,,86,1,0,93399,37782025,G,25.83%,254083,10+ years,Verified,80.8,0,10,19,,,0,39,39,13405,302,51.80%,871xx,16,,161,28,debt_consolidation,664,0,,505.79,NM,1,,0,,1,4,G2,,clerk,,,235082,56719,32,39,INDIVIDUAL,57,w,0,16950,,25900,,32.67,7,14,,0,0,7,4,32,2021,660,4,0,0,,,,,39,0,,,4,8,Oct-89,,7583,50,60 months,Dec-14,Charged Off
RENT,11100,7500,2,0,0,0,,100,3,0,8270,37701933,C,14.99%,21800,5 years,Not Verified,54.4,,0,10,,,0,,,8270,113,37.90%,379xx,3,,94,2,debt_consolidation,724,0,,259.96,TN,3,,0,,0,2,C5,,Front Desk,,,8270,25000,8,,INDIVIDUAL,12,f,0,7500,,21800,,15.94,4,8,,0,0,4,2,8,5061,720,0,0,0,,,,,,0,,,10,3,Jul-05,,1378,0,36 months,Dec-14,Fully Paid